Model,R2 - glycohemoglobin,R2 - daily_sugar,R2 - total_cholesterol,RMSE - glycohemoglobin,RMSE - daily_sugar,RMSE - total_cholesterol
Random Forest,0.3025162177087537,0.28743809976093726,0.34618068822718107,0.37323200267745926,37.351417972676835,25.597756018707738
Gradient Boosting,0.2997532056659402,0.3543739942294959,0.38432627569988054,0.3739705325682383,35.5538227182453,24.83981361863242
KNN,0.20299611286844033,0.18184020829362646,0.2466768070868186,0.3989716510062858,40.023481257938435,27.47664435721674
Linear Regression,0.25291035679618357,0.3450518440470616,0.31626645085850447,0.38627640076678976,35.80958242218401,26.17679478749857
SVR,-1.8478395346803729,0.3367611184133982,0.24081641902834294,0.7541705606287308,36.03551922007697,27.583312946378708
XGBoost,0.16835900839823292,0.33215964514642216,0.30595072039606785,0.40754893439436146,36.16030824596427,26.37352482322188
