Model,R2 - hdl_cholesterol,R2 - glycohemoglobin,RMSE - hdl_cholesterol,RMSE - glycohemoglobin
Random Forest,0.28604004886805945,0.22363961181671477,12.914322097322604,0.9567032543233517
Gradient Boosting,0.18814306067686293,0.11837681205823625,13.771284231925526,1.0194996220622359
KNN,0.2391003894283753,0.157884529423317,13.33209406956188,0.9963946568005054
Linear Regression,0.25289945918258017,0.18812973098623664,13.21065082719671,0.9783379175359226
SVR,0.2903669191685452,0.18780378963855948,12.875129761970438,0.9785342843648801
XGBoost,0.30221485568538475,0.22858319581965192,12.767196656956349,0.9536524186225397
