Model,R2 - hdl_cholesterol,R2 - glycohemoglobin,RMSE - hdl_cholesterol,RMSE - glycohemoglobin
Linear Regression,0.18976247479256447,0.20746942636930388,14.967500578216473,0.974624711495409
Random Forest,0.6520114101189632,0.6013930915421877,9.809019753362064,0.691196955948424
Gradient Boosting,0.4526810834242767,0.4761528841678323,12.30164914366236,0.7923766783979621
KNN,0.9999999999997948,0.9999999999998003,7.531823487759667e-06,4.892571325520802e-07
SVR,0.30406663334439366,0.2916107995860949,13.871612125799052,0.9214364159474208
XGBoost,0.4954530794208958,0.49727325214160023,11.811196285993388,0.7762388991941688
