Model,R2 - total_cholesterol,RMSE - total_cholesterol
Linear Regression,0.3610906588182109,25.41047719630702
Random Forest,0.8823200643463733,10.905470648167743
Gradient Boosting,0.5521007972308014,21.275674961907512
KNN,0.9999999999998594,1.1917292086926507e-05
SVR,0.4069067143702738,24.482440392013007
XGBoost,0.5356896408273741,21.661942001553314
