Model,R2 - hdl_cholesterol,R2 - glycohemoglobin,RMSE - hdl_cholesterol,RMSE - glycohemoglobin
Linear Regression,0.25806464414129937,0.19539842476544633,14.353220067533378,0.9675562025521641
Random Forest,0.611030994010912,0.5486389601798759,10.392590342978178,0.7246825381615589
Gradient Boosting,0.9993637843271643,0.9994310405278112,0.4203088085560309,0.025729208605725248
KNN,0.9999999999997671,0.9999999999997592,8.041927535060981e-06,5.292815354136802e-07
SVR,0.27906624246916134,0.2592552730278297,14.14861701220137,0.9283677522376325
XGBoost,0.4380524484751527,0.4843382834246195,12.49148876340722,0.7745834386157349
