Model,R2 - glycohemoglobin,R2 - daily_sugar,R2 - total_cholesterol,RMSE - glycohemoglobin,RMSE - daily_sugar,RMSE - total_cholesterol
Linear Regression,0.26510323890099163,0.35065824797747336,0.3795306505009376,0.44641299842059984,33.92832859002059,25.441711810571043
Random Forest,0.5334261535731228,0.5512703932384507,0.5928460292806242,0.3556999961601406,28.204484323674432,20.60940718541564
Gradient Boosting,0.4438401902752207,0.4689868644995919,0.5010743037037884,0.3883501398958777,30.681630359240984,22.814139804450203
KNN,0.9999999999998571,0.9999999999998324,0.9999999999998496,1.9685323075398737e-07,1.723727736976602e-05,1.2525187030390642e-05
SVR,-1.053411292758907,0.3583087825705983,0.40397249200718977,0.7462109850767199,33.72786485098727,24.935570819861727
XGBoost,0.16767566914299648,0.8934428355205511,0.3469653830640601,0.47508351405401694,13.744126032068642,26.10082677127873
