Model,R2 - total_cholesterol,RMSE - total_cholesterol
Linear Regression,0.36123960951911194,25.407515016255093
Random Forest,0.7718702828615382,15.183927907027016
Gradient Boosting,0.5363070698988239,21.647534437974937
KNN,0.9999999999999494,7.1559976291331124e-06
SVR,0.40057700881525193,24.612736392185738
XGBoost,0.2843503037121784,26.893259823425925
