Model,R2 - triglycerides,R2 - hdl_cholesterol,RMSE - triglycerides,RMSE - hdl_cholesterol
Linear Regression,0.07006945962956324,0.26010408342601576,81.20088350002649,14.727118168675986
Random Forest,0.13883412759834823,0.3562040700611212,78.14098914961829,13.737464074718066
Gradient Boosting,0.1262705186208416,0.33691752144810283,78.70892739781958,13.941716022831029
KNN,0.999999999999892,0.9999999999999573,2.7678565928548004e-05,3.5408328816109833e-06
SVR,0.5024156914448485,0.1780590208235856,59.39759178432489,15.522182061845907
XGBoost,0.11630564021120293,0.32459692322373734,79.15649227078801,14.070643952680337
