Model,R2 - total_cholesterol,RMSE - total_cholesterol
Random Forest,0.3574884091526367,24.94654916110489
Gradient Boosting,0.3854886344235323,24.39691735187154
KNN,0.2587421263189382,26.79505512546177
Linear Regression,0.3131614972989063,25.79272997406881
SVR,0.3305915464080591,25.463353037034288
XGBoost,0.39239962844491916,24.25934163228994
