{
  "vitamin_d": {
    "rf": {
      "r2_train": 0.884493272952921,
      "r2_test": 0.20244955439523526,
      "rmse": 21.869822693843275
    },
    "linear": {
      "r2_test": 0.25284590444970756,
      "rmse": 21.16758302003924
    }
  },
  "hdl_cholesterol": {
    "rf": {
      "r2_train": 0.8872453679274199,
      "r2_test": 0.22898493246590745,
      "rmse": 14.345825164281354
    },
    "linear": {
      "r2_test": 0.20989238430921597,
      "rmse": 14.522360887518632
    }
  },
  "a1c": {
    "rf": {
      "r2_train": 0.8797569495734522,
      "r2_test": 0.14856132058616245,
      "rmse": 0.9758892021512711
    },
    "linear": {
      "r2_test": 0.1833470092791749,
      "rmse": 0.9557462515361493
    }
  }
}